[
    {
      "condition": "minecraft:alternative",
      "terms": [
        {
            "condition": "minecraft:entity_properties",
            "entity": "this",
            "predicate": {
              "equipment": {
                "mainhand": {
                  "tag": "wraith:light_sources"
                }
              }
            }
          },
          {
            "condition": "minecraft:entity_properties",
            "entity": "this",
            "predicate": {
              "equipment": {
                "offhand": {
                  "tag": "wraith:light_sources"
                }
              }
            }
          }               
      ]
    }
  ]
  