{
  "pools": [
    {
      "rolls": 10,
      "entries": [
        {
          "type": "minecraft:item",
          "weight": 4,
          "quality": 0,
          "name": "minecraft:bone"
        },
        {
          "type": "minecraft:item",
          "weight": 4,
          "quality": 0,
          "name": "minecraft:soul_sand"
        },
        {
          "type": "minecraft:item",
          "weight": 1,
          "quality": 1,
          "name": "minecraft:skeleton_skull"
        },
        {
          "type": "minecraft:item",
          "weight": 1,
          "quality": 5,
          "name": "minecraft:diamond"
        },
        {
          "type": "minecraft:item",
          "weight": 2,
          "name": "minecraft:iron_ingot"
        }
      ]
    },
    {
      "rolls": 1,
      "entries": [
        {
          "type": "minecraft:item",
          "weight": 1,
          "quality": 10,
          "name": "minecraft:iron_sword",
          "functions": [
            {
              "function": "minecraft:enchant_with_levels",
              "levels": 28,
              "treasure": true
            },
            {
              "function": "minecraft:set_nbt",
              "tag": "{CustomModelData:2221200,display:{Name:'{\"text\":\"Shadow Sword\",\"italic\":false}'},ctc:{id:'shadow_sword',from:'hexuar:wraith'}}"
            }
          ]
        }
      ]
    }
  ]
}
